<?xml version="1.0" encoding="UTF-8"?>
<metadata xml:lang="en"><Esri><CreaDate>20170604</CreaDate><CreaTime>17585200</CreaTime><ArcGISFormat>1.0</ArcGISFormat><SyncOnce>TRUE</SyncOnce><DataProperties><itemProps><itemLocation><linkage Sync="TRUE">file://\\LAPT0143\Users\Jessie Hamon\Dropbox (LSoHaTM)\Training resources\Cameroon_Mapping_ICM_NTDs_July2017\Spatial_Dataset\Vector_layers\CMR_water_areas</linkage><protocol Sync="TRUE">Local Area Network</protocol></itemLocation></itemProps><copyHistory><copy source="C:\Users\Jessie Hamon\Dropbox (LSoHaTM)\Training resources\Cameroon_Mapping_ICM_NTDs_July2017\Spatial_Dataset\CMR_water_areas" dest="\\LAPT0143\Users\Jessie Hamon\Dropbox (LSoHaTM)\Training resources\Cameroon_Mapping_ICM_NTDs_July2017\Spatial_Dataset\Vector_layers\CMR_water_areas" date="20170604" time="17594400"></copy></copyHistory></DataProperties></Esri></metadata>
